id;first_name;last_name;email;gender;ip_address
1;Freddy;Harroll;fharroll0@samsung.com;Male;147.246.72.147
2;Kahlil;Livings;klivings1@yellowpages.com;Male;2.27.130.77
3;Ronna;Loyndon;rloyndon2@samsung.com;Female;184.147.121.39
4;Ursa;Lettley;ulettley3@google.it;Female;23.172.63.186
5;Raynard;Johnys;rjohnys4@uiuc.edu;Male;221.63.20.191
6;Aliza;Dallaghan;adallaghan5@jiathis.com;Female;24.70.28.58
7;Elna;Balsillie;ebalsillie6@nsw.gov.au;Female;94.133.40.159
8;Allis;Outerbridge;aouterbridge7@ftc.gov;Female;220.29.201.8
9;Gabriellia;Quiddinton;gquiddinton8@furl.net;Female;31.106.6.4
10;Helen;Bronger;hbronger9@about.com;Female;113.15.33.189
11;Waylon;Mowle;wmowlea@jimdo.com;Male;243.189.180.202
12;Karia;Howlin;khowlinb@discuz.net;Female;58.181.34.187
13;Lyndsay;Cocher;lcocherc@buzzfeed.com;Female;138.23.74.247
14;Halie;Heeks;hheeksd@nifty.com;Female;54.95.138.217
15;Rodolphe;Caldera;rcalderae@sina.com.cn;Male;218.86.45.82
16;Colan;Summerskill;csummerskillf@google.cn;Male;144.242.165.210
17;Earle;Iacobacci;eiacobaccig@google.es;Male;62.211.196.203
18;Kore;Purdon;kpurdonh@mashable.com;Female;134.88.33.103
19;Les;Darwin;ldarwini@independent.co.uk;Male;148.226.255.174
20;Lyndy;Grace;lgracej@soundcloud.com;Female;237.249.179.105
21;Wally;Kinnach;wkinnachk@toplist.cz;Male;62.201.92.196
22;Mal;Riguard;mriguardl@purevolume.com;Male;186.148.203.91
23;Helena;Woolner;hwoolnerm@phoca.cz;Female;68.29.123.88
24;Kippar;Atyea;katyean@google.cn;Male;6.223.41.132
25;Linda;Weinberg;lweinbergo@fema.gov;Female;69.172.186.183
26;Glenn;Greenham;ggreenhamp@blogger.com;Female;143.172.136.52
27;Rodger;Skirven;rskirvenq@dailymail.co.uk;Male;82.156.68.255
28;Carolyn;Dowsey;cdowseyr@amazonaws.com;Female;196.98.152.38
222;Nathanael;Coleshill;ncoleshill65@timesonline.co.uk;Male;23.145.73.182
223;Danyette;Tadd;dtadd66@php.net;Female;16.24.160.128
224;Cori;Temperley;ctemperley67@hud.gov;Female;30.149.192.167
225;Korry;Mancell;kmancell68@webeden.co.uk;Female;218.6.138.254
226;Haskell;Ekless;hekless69@sphinn.com;Male;85.203.155.194
227;Tillie;Moxson;tmoxson6a@va.gov;Female;174.180.67.209
228;Isabelle;Olennikov;iolennikov6b@ifeng.com;Female;84.112.109.29
229;Sabrina;Reed;sreed6c@europa.eu;Female;6.243.133.246
230;Clayborn;Hancill;chancill6d@odnoklassniki.ru;Male;112.148.186.18
231;Buddy;Sidebotham;bsidebotham6e@nationalgeographic.com;Male;111.170.45.185
232;Zilvia;Widdop;zwiddop6f@desdev.cn;Female;209.134.101.103
233;Xever;Vesco;xvesco6g@nhs.uk;Male;250.159.3.63
234;Michaelina;Pelz;mpelz6h@si.edu;Female;222.227.37.3
235;Claudianus;Joe;cjoe6i@is.gd;Male;26.83.134.218
236;Dacey;Fairlie;dfairlie6j@toplist.cz;Female;111.136.124.124
237;Shandeigh;Cornock;scornock6k@stanford.edu;Female;124.16.66.252
238;Selma;McCaughey;smccaughey6l@addthis.com;Female;144.112.126.43
239;Sarah;Rudderham;srudderham6m@gov.uk;Female;104.6.186.185
240;Bert;Greenstead;bgreenstead6n@jugem.jp;Male;174.110.161.76
241;Auria;Stranger;astranger6o@tmall.com;Female;227.81.239.68
242;Lorilyn;Simcock;lsimcock6p@themeforest.net;Female;22.72.230.10
243;Ade;Bondar;abondar6q@bravesites.com;Male;139.250.248.138
244;Alidia;Charette;acharette6r@altervista.org;Female;194.149.77.54
245;Alair;Whelpdale;awhelpdale6s@washingtonpost.com;Male;114.90.149.72
246;Horst;Streetley;hstreetley6t@imgur.com;Male;26.93.18.229
247;Gusella;Trighton;gtrighton6u@unc.edu;Female;111.51.71.73
248;Noel;Dusey;ndusey6v@toplist.cz;Male;69.241.112.107
249;Rufe;Cosgry;rcosgry6w@moonfruit.com;Male;162.247.210.180
250;Portia;Collisson;pcollisson6x@feedburner.com;Female;221.165.105.70
251;Agna;Maunder;amaunder6y@dell.com;Female;13.41.173.131
252;Talbert;Capelow;tcapelow6z@arizona.edu;Male;176.245.219.199
253;Jeannette;Rennie;jrennie70@umn.edu;Female;56.5.85.91
254;Dorena;Brumbye;dbrumbye71@shutterfly.com;Female;33.103.236.78
255;Grange;Voff;gvoff72@gizmodo.com;Male;113.197.150.175
256;Vinson;Withams;vwithams73@telegraph.co.uk;Male;80.23.206.52
257;Judi;Depke;jdepke74@rediff.com;Female;97.207.197.183
258;Fraser;Canas;fcanas75@dell.com;Male;42.127.16.147
259;Basilio;Acory;bacory76@twitter.com;Male;155.152.31.75
260;Franky;Sorensen;fsorensen77@adobe.com;Male;17.80.43.29
261;Mandel;Arnall;marnall78@clickbank.net;Male;141.6.174.8
262;Valentino;Gilyott;vgilyott79@phpbb.com;Male;196.245.89.242
263;Stafford;Bergeon;sbergeon7a@oakley.com;Male;13.6.95.212
264;Anastasia;Klimowski;aklimowski7b@sun.com;Female;1.215.204.241
265;Lilia;Riseley;lriseley7c@mac.com;Female;251.116.45.199
266;Horatio;Di Bartolomeo;hdibartolomeo7d@gnu.org;Male;207.122.35.192
267;Merwyn;Lesaunier;mlesaunier7e@reuters.com;Male;113.229.47.44
268;Gill;MacCrachen;gmaccrachen7f@psu.edu;Male;138.242.195.31
269;Kristofor;Batkin;kbatkin7g@youku.com;Male;193.254.81.24
270;Carol;Gates;cgates7h@multiply.com;Female;178.221.74.233
271;Hartley;Trulock;htrulock7i@un.org;Male;1.136.232.232
272;Mella;Hovey;mhovey7j@indiatimes.com;Female;222.169.33.12
273;Hank;Morby;hmorby7k@histats.com;Male;29.139.75.200
274;Janenna;Romanet;jromanet7l@cyberchimps.com;Female;64.70.8.187
275;Lucien;Barwise;lbarwise7m@slate.com;Male;194.207.170.64
276;Gena;Toghill;gtoghill7n@mlb.com;Female;202.55.117.101
277;Smith;Chitter;schitter7o@nyu.edu;Male;206.174.176.59
278;Vasily;Parmley;vparmley7p@exblog.jp;Male;196.165.4.189
279;Huberto;Maleham;hmaleham7q@fema.gov;Male;24.208.115.72
280;Ynez;Nucator;ynucator7r@joomla.org;Female;62.129.97.95
281;Tanny;Brandli;tbrandli7s@bloglines.com;Male;152.63.254.22
282;Lamond;Tremayne;ltremayne7t@netvibes.com;Male;156.91.217.194
283;Cyrill;Yeell;cyeell7u@msu.edu;Male;230.54.119.34
284;Tanney;Collman;tcollman7v@sphinn.com;Male;191.125.146.38
285;Ruben;Lawerence;rlawerence7w@seesaa.net;Male;139.102.249.106
286;Les;Cosh;lcosh7x@goo.gl;Male;155.215.153.79
287;Angelico;Paulucci;apaulucci7y@bravesites.com;Male;219.97.64.95
288;Codi;Fee;cfee7z@hibu.com;Male;12.57.237.237
289;Cherida;Galloway;cgalloway80@usatoday.com;Female;56.219.230.133
290;Tish;Kindall;tkindall81@a8.net;Female;225.227.141.71
291;Carlotta;Crome;ccrome82@sohu.com;Female;86.36.85.41
292;Myrta;Allston;mallston83@is.gd;Female;107.58.65.146
293;Sigismondo;Harberer;sharberer84@dot.gov;Male;204.5.122.236
294;Carmon;Breede;cbreede85@nature.com;Female;69.185.245.215
295;Arnie;Eyrl;aeyrl86@blogs.com;Male;175.8.72.10
296;Rikki;Greenroad;rgreenroad87@geocities.com;Male;8.1.231.28
297;Alfredo;Hackford;ahackford88@de.vu;Male;124.60.163.228
298;Sonnie;Scrigmour;sscrigmour89@businessweek.com;Male;202.117.185.230
299;Patton;Garrick;pgarrick8a@t-online.de;Male;195.109.156.203
300;Whit;Talks;wtalks8b@alibaba.com;Male;47.78.122.26
301;Levon;Rowter;lrowter8c@storify.com;Male;120.212.24.208
302;Celesta;Civitillo;ccivitillo8d@taobao.com;Female;48.10.223.70
303;Joachim;Gawne;jgawne8e@baidu.com;Male;149.249.20.197
304;Millicent;Costar;mcostar8f@nytimes.com;Female;68.119.110.249
305;Phillie;Scardefield;pscardefield8g@army.mil;Female;31.240.9.33
306;Aloysia;Larcier;alarcier8h@printfriendly.com;Female;88.105.162.204
307;Sharyl;Dungate;sdungate8i@xing.com;Female;193.165.108.45
308;Shannen;Lorence;slorence8j@netscape.com;Female;118.119.100.212
309;Mario;Maccrie;mmaccrie8k@sohu.com;Male;155.132.77.40
310;Scot;Zold;szold8l@nasa.gov;Male;234.131.138.150
311;Aurthur;Marzele;amarzele8m@chron.com;Male;14.190.243.215
312;Thorndike;Juliano;tjuliano8n@meetup.com;Male;74.251.44.254
313;Neil;Linfield;nlinfield8o@soup.io;Male;70.188.31.14
314;Frederick;Wrightham;fwrightham8p@china.com.cn;Male;78.37.76.97
315;Reinwald;Ferie;rferie8q@timesonline.co.uk;Male;254.170.165.170
316;Rodrick;Cothey;rcothey8r@technorati.com;Male;84.203.185.168
317;Gino;Domotor;gdomotor8s@bloomberg.com;Male;4.22.162.213
318;Eleanore;Brockhouse;ebrockhouse8t@state.gov;Female;52.61.147.138
319;Sanson;Giacopini;sgiacopini8u@imgur.com;Male;45.163.67.186
320;Barnie;Tschierse;btschierse8v@studiopress.com;Male;159.171.153.157
321;Urban;Duerdin;uduerdin8w@sakura.ne.jp;Male;188.57.124.65
322;Leeann;Filippone;lfilippone8x@auda.org.au;Female;129.221.100.46
323;Lester;Bottby;lbottby8y@auda.org.au;Male;187.69.85.100
324;Hubey;Witchalls;hwitchalls8z@freewebs.com;Male;21.243.246.249
325;Bondie;Coultish;bcoultish90@oakley.com;Male;232.94.134.94
326;Tamara;Errington;terrington91@whitehouse.gov;Female;58.211.63.167
327;Gregoire;Stanmer;gstanmer92@freewebs.com;Male;83.220.160.109
328;Willie;Addison;waddison93@upenn.edu;Female;190.27.207.126
329;Addie;Morot;amorot94@twitpic.com;Male;77.17.244.51
330;Vasili;Dockerty;vdockerty95@comcast.net;Male;7.151.5.98
331;Marshal;Matysiak;mmatysiak96@answers.com;Male;215.70.202.44
332;Carlo;Filipponi;cfilipponi97@hexun.com;Male;9.76.237.96
333;Tulley;Byforth;tbyforth98@nasa.gov;Male;205.74.228.77
334;Mallissa;Cescotti;mcescotti99@washington.edu;Female;183.111.1.249
335;Arlene;Yakubowicz;ayakubowicz9a@aol.com;Female;86.200.19.176
336;Nola;Dawley;ndawley9b@canalblog.com;Female;241.3.93.31
337;Jeff;Mounsey;jmounsey9c@economist.com;Male;166.39.157.250
338;Carry;Kasparski;ckasparski9d@shop-pro.jp;Female;154.13.196.155
339;Lionel;Livock;llivock9e@sfgate.com;Male;120.81.97.180
340;Katusha;Van de Vlies;kvandevlies9f@bloglovin.com;Female;228.255.127.157
341;Ernestus;Slee;eslee9g@fc2.com;Male;20.32.114.124
342;Tammy;Weighell;tweighell9h@ox.ac.uk;Male;192.158.109.226
343;Hammad;Orleton;horleton9i@smh.com.au;Male;1.255.59.89
344;Harwilll;Duggon;hduggon9j@army.mil;Male;209.231.31.206
345;Anatollo;Kennler;akennler9k@biglobe.ne.jp;Male;196.7.192.44
346;Merrily;Perillio;mperillio9l@psu.edu;Female;80.225.106.8
347;Dasi;Solesbury;dsolesbury9m@cbsnews.com;Female;87.140.232.217
348;Mortie;Snoden;msnoden9n@homestead.com;Male;94.1.109.180
349;Waldo;Thulborn;wthulborn9o@ca.gov;Male;109.147.183.64
350;Carr;Humbell;chumbell9p@nature.com;Male;25.238.239.240
351;Craggy;Elmes;celmes9q@icio.us;Male;104.247.60.201
352;Emile;Lapsley;elapsley9r@domainmarket.com;Male;52.92.94.178
353;Dolli;Marrable;dmarrable9s@hao123.com;Female;180.174.225.126
354;Ingemar;Le Brun;ilebrun9t@smugmug.com;Male;91.253.11.112
355;Brok;Scimonelli;bscimonelli9u@yelp.com;Male;150.166.90.51
356;Druci;McLemon;dmclemon9v@xing.com;Female;7.13.141.238
357;Beniamino;Saffen;bsaffen9w@mac.com;Male;153.194.190.106
358;Horatius;Oblein;hoblein9x@elegantthemes.com;Male;114.81.96.200
359;Ema;Mixworthy;emixworthy9y@miibeian.gov.cn;Female;113.81.76.107
360;Chancey;Tregidga;ctregidga9z@webnode.com;Male;250.136.218.108
361;Aylmar;Spinage;aspinagea0@google.de;Male;216.9.100.49
362;Joanne;Streak;jstreaka1@sphinn.com;Female;220.111.162.198
363;Brana;Dri;bdria2@wisc.edu;Female;137.96.35.86
364;Ulrica;Perigoe;uperigoea3@usatoday.com;Female;141.152.10.129
365;Kele;Hackett;khacketta4@topsy.com;Male;19.189.1.93
366;Georgi;Haysham;ghayshama5@sohu.com;Male;72.8.48.52
367;Juliane;Wilby;jwilbya6@1und1.de;Female;143.177.57.140
368;Worthington;McGenis;wmcgenisa7@webnode.com;Male;143.139.247.126
369;Adrianna;Edmundson;aedmundsona8@bandcamp.com;Female;32.8.4.101
370;Willdon;Lindores;wlindoresa9@cisco.com;Male;23.164.68.43
371;Jeni;Hindmore;jhindmoreaa@engadget.com;Female;247.178.20.47
372;Charley;Leet;cleetab@123-reg.co.uk;Male;162.2.255.90
373;Prescott;Matkovic;pmatkovicac@salon.com;Male;185.188.123.123
374;Jennica;Davidof;jdavidofad@trellian.com;Female;12.159.188.120
375;Hyacinth;Brahm;hbrahmae@bravesites.com;Female;134.183.211.33
376;Irving;De Hoogh;idehooghaf@netscape.com;Male;150.176.36.230
377;Don;Deviney;ddevineyag@yolasite.com;Male;139.115.44.82
378;Trey;Mendus;tmendusah@clickbank.net;Male;61.114.171.25
379;Sibeal;Gerretsen;sgerretsenai@123-reg.co.uk;Female;44.67.86.43
380;Doralynne;Attack;dattackaj@prweb.com;Female;168.39.103.204
381;Kalie;Phripp;kphrippak@php.net;Female;112.23.132.220
382;Ashla;Savil;asavilal@163.com;Female;5.223.148.168
383;Gayel;Jameson;gjamesonam@dmoz.org;Female;7.238.69.118
384;Alessandra;Duffett;aduffettan@yelp.com;Female;162.121.54.215
385;Car;Clarson;cclarsonao@etsy.com;Male;107.88.48.158
386;Andrew;Pummery;apummeryap@gravatar.com;Male;75.247.53.15
387;Gallard;Sprowles;gsprowlesaq@clickbank.net;Male;192.174.89.108
388;Magdaia;Apps;mappsar@prlog.org;Female;234.50.79.205
389;Nancie;Halbeard;nhalbeardas@youku.com;Female;2.209.149.246
390;Justus;Elven;jelvenat@elpais.com;Male;67.181.64.109
391;Izzy;Edgeworth;iedgeworthau@economist.com;Male;220.202.142.7
392;Rosene;O' Shea;rosheaav@blinklist.com;Female;139.138.255.195
393;Rochester;Cleminshaw;rcleminshawaw@google.co.uk;Male;137.211.106.145
394;Seumas;Willoughley;swilloughleyax@bbc.co.uk;Male;206.205.81.245
395;Candis;Portail;cportailay@photobucket.com;Female;194.0.210.210
396;Shayla;Kleinzweig;skleinzweigaz@ovh.net;Female;172.62.217.13
397;Eric;Bolles;ebollesb0@examiner.com;Male;201.89.217.235
398;Claire;Towersey;ctowerseyb1@bbc.co.uk;Female;196.56.48.58
399;Rubin;Axell;raxellb2@ow.ly;Male;58.200.176.186
400;Stefan;Lagden;slagdenb3@bloglovin.com;Male;2.233.253.14
401;Roselin;Youtead;ryouteadb4@blinklist.com;Female;88.20.252.134
402;Faith;Cullinan;fcullinanb5@oaic.gov.au;Female;183.39.55.118
403;Lawry;Dawe;ldaweb6@senate.gov;Male;67.141.207.153
404;Martie;Legging;mleggingb7@webmd.com;Female;32.118.30.131
405;Hobard;Gavigan;hgaviganb8@youtu.be;Male;254.182.44.71
406;Laurella;Packe;lpackeb9@sun.com;Female;245.94.96.175
407;Queenie;Rookesby;qrookesbyba@unesco.org;Female;227.63.187.40
408;Brianna;Ginty;bgintybb@samsung.com;Female;154.30.141.35
409;Lenard;Kleinhaus;lkleinhausbc@wisc.edu;Male;128.175.186.71
410;Uri;Janata;ujanatabd@globo.com;Male;117.16.186.214
411;Kassia;Lauridsen;klauridsenbe@simplemachines.org;Female;186.1.114.118
412;Care;Penvarne;cpenvarnebf@accuweather.com;Male;255.134.161.177
413;Roby;Askaw;raskawbg@cocolog-nifty.com;Female;96.52.240.244
414;Conney;Whitehurst;cwhitehurstbh@wiley.com;Male;179.130.156.127
415;Ellsworth;Druitt;edruittbi@microsoft.com;Male;6.233.217.166
416;Zedekiah;Lowne;zlownebj@unc.edu;Male;153.135.251.175
417;Atalanta;Greenhalgh;agreenhalghbk@tripod.com;Female;87.111.54.151
418;Rafael;Aylott;raylottbl@google.de;Male;45.222.198.206
419;Heloise;Burberry;hburberrybm@stanford.edu;Female;142.30.60.180
420;Shepherd;Wheater;swheaterbn@webnode.com;Male;1.15.239.39
421;Ronalda;De Cleen;rdecleenbo@walmart.com;Female;137.129.123.76
422;Kassia;Bodechon;kbodechonbp@businesswire.com;Female;249.224.48.129
423;Rosemaria;Larrie;rlarriebq@fotki.com;Female;254.115.127.216
424;Amargo;Davydkov;adavydkovbr@abc.net.au;Female;122.152.163.134
425;Adi;Marvelley;amarvelleybs@dailymail.co.uk;Female;197.182.141.147
426;Maximilien;Cianni;mciannibt@cbslocal.com;Male;176.126.199.200
427;Efrem;Lamputt;elamputtbu@berkeley.edu;Male;138.220.76.131
428;Gaspard;Napper;gnapperbv@spiegel.de;Male;16.153.238.174
429;Mada;O'Reilly;moreillybw@cbc.ca;Female;123.145.254.74
430;Hakim;Winborn;hwinbornbx@istockphoto.com;Male;223.18.203.147
431;Bronnie;Kippin;bkippinby@sun.com;Male;42.129.21.209
432;Keith;Coley;kcoleybz@bing.com;Male;118.187.63.196
433;Jackelyn;Arnett;jarnettc0@yelp.com;Female;144.38.116.19
434;Mathilde;Garratt;mgarrattc1@spotify.com;Female;249.53.87.145
435;Gray;Sarjant;gsarjantc2@msn.com;Male;198.135.192.55
436;Vassily;McFetrich;vmcfetrichc3@apache.org;Male;125.53.168.28
437;Spenser;Scotson;sscotsonc4@ifeng.com;Male;243.53.146.56
438;Vassili;Teodori;vteodoric5@slashdot.org;Male;128.4.130.12
439;Marga;Sinclaire;msinclairec6@nba.com;Female;254.149.29.205
440;Dallon;Boow;dboowc7@comcast.net;Male;19.228.89.187
441;Rey;Bowsher;rbowsherc8@tripod.com;Female;246.231.54.160
442;Stoddard;Minogue;sminoguec9@rakuten.co.jp;Female;200.166.166.178
443;Corine;Chad;cchadca@cbc.ca;Female;7.93.154.244
444;Brinna;Rapin;brapincb@skype.com;Female;234.104.112.249
445;Mireielle;Hedditeh;mhedditehcc@rediff.com;Female;61.13.202.97
446;Michell;Katte;mkattecd@cloudflare.com;Female;14.164.186.16
447;Christina;Laslett;claslettce@about.com;Female;104.108.59.156
448;Padget;Brunini;pbruninicf@scientificamerican.com;Male;192.172.166.124
449;Bree;Frostdicke;bfrostdickecg@joomla.org;Female;35.11.252.169
450;Darline;Stannah;dstannahch@illinois.edu;Female;223.159.202.107
451;Chauncey;Clough;ccloughci@chronoengine.com;Male;179.35.231.135
452;Marius;Ingree;mingreecj@eepurl.com;Male;174.48.83.0
453;Konrad;Iannello;kiannellock@harvard.edu;Male;255.23.217.250
454;Alejandra;Georgeson;ageorgesoncl@ft.com;Female;192.82.243.178
455;Prescott;Prinnett;pprinnettcm@taobao.com;Male;216.18.73.178
456;Essie;McAusland;emcauslandcn@flickr.com;Female;45.29.185.214
457;Pincas;Willock;pwillockco@slate.com;Male;204.250.101.45
458;Mirilla;Gonsalvo;mgonsalvocp@google.com;Female;231.234.36.143
459;Mair;Beeton;mbeetoncq@nature.com;Female;209.4.133.152
460;Theresina;Jacquemot;tjacquemotcr@amazonaws.com;Female;77.200.221.241
461;Derk;Jallin;djallincs@typepad.com;Male;145.141.94.56
462;Milli;Goullee;mgoulleect@netlog.com;Female;186.158.18.81
463;Natty;Halworth;nhalworthcu@hexun.com;Female;250.200.76.123
464;Adelle;Riccioppo;ariccioppocv@vimeo.com;Female;173.183.127.72
465;Bria;Woodington;bwoodingtoncw@ezinearticles.com;Female;149.188.17.246
466;Bobbe;Heyworth;bheyworthcx@dot.gov;Female;114.195.24.49
467;Lacey;Dreger;ldregercy@facebook.com;Female;201.247.254.56
468;Rad;Mingardi;rmingardicz@simplemachines.org;Male;24.94.243.71
469;Shandie;Bloxam;sbloxamd0@ovh.net;Female;4.164.210.151
470;Ofelia;Simukov;osimukovd1@telegraph.co.uk;Female;90.79.5.150
471;Eunice;Fairburne;efairburned2@elegantthemes.com;Female;241.43.4.91
472;Bobina;Haworth;bhaworthd3@123-reg.co.uk;Female;28.201.94.250
473;Darline;Spyvye;dspyvyed4@tripadvisor.com;Female;8.17.154.112
474;Margie;Chardin;mchardind5@accuweather.com;Female;153.91.63.136
475;Kendre;Manginot;kmanginotd6@wp.com;Female;157.232.98.168
476;Berti;Tuckwell;btuckwelld7@shop-pro.jp;Male;136.53.146.15
477;Elsworth;Lugard;elugardd8@comcast.net;Male;97.212.140.241
478;Esmeralda;Walesby;ewalesbyd9@unesco.org;Female;210.227.128.37
479;Bogart;Hartin;bhartinda@ovh.net;Male;166.65.97.255
480;Muriel;Cake;mcakedb@nhs.uk;Female;221.102.165.234
481;Otes;Horlock;ohorlockdc@bluehost.com;Male;88.60.191.121
482;Gan;Casiroli;gcasirolidd@pcworld.com;Male;240.208.76.242
483;Enrichetta;Shelmardine;eshelmardinede@de.vu;Female;62.139.229.204
484;Hunter;Barnsdall;hbarnsdalldf@pagesperso-orange.fr;Male;194.128.73.251
485;Danny;Fass;dfassdg@mysql.com;Female;226.196.31.134
486;Lelah;Gounet;lgounetdh@yahoo.com;Female;147.45.93.156
487;Renado;Wybourne;rwybournedi@youtu.be;Male;31.207.201.37
488;Pascale;Abrahmson;pabrahmsondj@bizjournals.com;Male;136.131.97.10
489;Abbe;McAirt;amcairtdk@marketwatch.com;Female;0.33.255.118
490;Alphard;Hutchinson;ahutchinsondl@seattletimes.com;Male;158.208.33.121
491;Bary;Sall;bsalldm@about.com;Male;216.141.189.58
492;Janeen;Pierri;jpierridn@cmu.edu;Female;46.57.167.123
493;Kelila;Roscow;kroscowdo@latimes.com;Female;212.167.225.130
494;Elwood;Dummer;edummerdp@ft.com;Male;121.73.173.163
495;Packston;Gabits;pgabitsdq@nih.gov;Male;69.53.74.86
496;Rabbi;Kirlin;rkirlindr@vimeo.com;Male;199.182.47.172
497;Melina;Harsnipe;mharsnipeds@msn.com;Female;119.241.93.63
498;Calvin;Plumbridge;cplumbridgedt@prlog.org;Male;190.109.70.129
499;Mitchell;Rochester;mrochesterdu@ask.com;Male;5.76.173.111
500;Aldric;Struijs;astruijsdv@unesco.org;Male;234.221.11.33
501;Harley;Fayerbrother;hfayerbrotherdw@dagondesign.com;Male;53.230.101.15
502;Lionel;Bradburne;lbradburnedx@psu.edu;Male;20.214.117.65
503;Esta;Dilworth;edilworthdy@youtu.be;Female;241.228.161.54
504;Dora;Heathwood;dheathwooddz@163.com;Female;240.122.103.177
505;Orv;Vise;ovisee0@creativecommons.org;Male;121.136.103.198
506;Nell;Beckerleg;nbeckerlege1@moonfruit.com;Female;159.181.234.183
507;Shanan;Gatty;sgattye2@qq.com;Male;187.200.170.137
508;Robyn;Duley;rduleye3@vistaprint.com;Female;40.9.104.150
509;Mattie;Bew;mbewe4@exblog.jp;Male;144.56.147.208
510;Francklyn;Lavender;flavendere5@symantec.com;Male;212.229.107.171
511;Ham;May;hmaye6@reuters.com;Male;200.166.173.130
512;Solomon;Rosenbusch;srosenbusche7@mail.ru;Male;83.27.42.238
513;Alvis;Hammell;ahammelle8@walmart.com;Male;45.156.68.25
514;Hobard;Coupman;hcoupmane9@washington.edu;Male;156.215.145.142
515;Granville;Palatino;gpalatinoea@nasa.gov;Male;6.47.38.142
516;Alonso;Shakespear;ashakespeareb@163.com;Male;67.202.196.68
517;Jeremiah;Guisler;jguislerec@mediafire.com;Male;142.27.198.39
518;Serge;Fruen;sfruened@woothemes.com;Male;127.207.214.125
519;Gage;Slater;gslateree@behance.net;Male;190.247.129.52
520;Winona;Mollene;wmolleneef@twitter.com;Female;197.185.50.36
521;Olag;Prazer;oprazereg@irs.gov;Male;49.165.205.37
522;Dominic;Jendricke;djendrickeeh@t-online.de;Male;148.44.44.129
523;Brendis;Lovejoy;blovejoyei@gravatar.com;Male;170.73.61.95
524;Danella;Okker;dokkerej@ask.com;Female;45.43.45.42
525;Adaline;Mansion;amansionek@purevolume.com;Female;149.44.28.159
526;Sande;Trewman;strewmanel@examiner.com;Female;215.14.250.235
527;Lovell;Trevaskiss;ltrevaskissem@google.cn;Male;212.14.199.104
528;Jaymie;Rantoull;jrantoullen@cafepress.com;Male;140.16.183.69
529;Shurlock;Pele;speleeo@nifty.com;Male;233.105.185.64
530;Hinda;Ateggart;hateggartep@freewebs.com;Female;152.233.237.132
531;Marlena;MacMichael;mmacmichaeleq@usa.gov;Female;51.13.245.92
532;Eugenius;Chupin;echupiner@sphinn.com;Male;95.55.183.220
533;Lorene;Driscoll;ldriscolles@netvibes.com;Female;62.200.185.44
534;Corette;Cradey;ccradeyet@dion.ne.jp;Female;171.85.71.135
535;Hubie;Sember;hsembereu@booking.com;Male;77.223.253.120
536;Shara;Brahan;sbrahanev@bandcamp.com;Female;159.4.5.5
537;Cindelyn;Hallowes;challowesew@salon.com;Female;236.222.72.164
538;Daune;Gioan;dgioanex@dyndns.org;Female;194.216.83.89
539;Brina;Gennrich;bgennrichey@plala.or.jp;Female;127.225.225.107
540;Kerr;Smellie;ksmellieez@cocolog-nifty.com;Male;205.243.236.90
541;Casey;Shottin;cshottinf0@surveymonkey.com;Male;7.179.171.27
542;Malorie;Breheny;mbrehenyf1@fema.gov;Female;59.42.233.29
543;Myrtie;Barends;mbarendsf2@hexun.com;Female;161.54.68.181
544;Reinhard;Dickson;rdicksonf3@sohu.com;Male;148.117.68.110
545;Windham;Papez;wpapezf4@europa.eu;Male;191.184.24.144
546;Keven;Felton;kfeltonf5@tiny.cc;Male;245.106.6.2
547;Corabelle;Baudet;cbaudetf6@tiny.cc;Female;122.43.102.184
548;Lyda;O'Heagertie;loheagertief7@wp.com;Female;125.192.117.62
549;Mellisa;Ashworth;mashworthf8@fda.gov;Female;220.121.13.194
550;Rabi;Lardier;rlardierf9@mail.ru;Male;64.87.170.220
551;Daria;Gosswell;dgosswellfa@va.gov;Female;125.148.153.217
552;Rhona;Balharry;rbalharryfb@hao123.com;Female;210.9.124.164
553;Nicko;Matic;nmaticfc@yolasite.com;Male;188.169.180.77
554;Lemmie;Bebbington;lbebbingtonfd@cyberchimps.com;Male;211.117.109.0
555;Dieter;Whale;dwhalefe@furl.net;Male;10.142.222.191
556;Tess;Quare;tquareff@cnet.com;Female;77.222.250.11
557;Urbain;Ferroli;uferrolifg@yandex.ru;Male;35.159.188.35
558;Ali;Ahrens;aahrensfh@homestead.com;Male;62.183.206.143
559;Babbie;Pentelo;bpentelofi@live.com;Female;137.80.88.188
560;Farica;Adicot;fadicotfj@indiegogo.com;Female;5.39.168.178
561;Sigfrid;Wethers;swethersfk@xrea.com;Male;17.187.13.25
562;Christine;Dalbey;cdalbeyfl@umn.edu;Female;230.23.110.80
563;Tallou;Blaschke;tblaschkefm@technorati.com;Female;155.35.87.153
564;Kiel;Sturrock;ksturrockfn@parallels.com;Male;127.94.190.99
565;Yardley;Walkingshaw;ywalkingshawfo@ocn.ne.jp;Male;162.167.131.109
566;Darwin;Akerman;dakermanfp@freewebs.com;Male;255.18.227.128
567;Sella;Blundan;sblundanfq@odnoklassniki.ru;Female;100.138.32.236
568;Nils;Pretious;npretiousfr@earthlink.net;Male;216.225.55.57
569;Mara;Carlile;mcarlilefs@fastcompany.com;Female;173.42.8.214
570;Stacey;Rust;srustft@cdbaby.com;Female;64.51.27.44
571;Justus;Orth;jorthfu@china.com.cn;Male;71.66.235.204
572;Ursulina;Greveson;ugrevesonfv@nydailynews.com;Female;194.64.81.36
573;Eddy;Cottey;ecotteyfw@ehow.com;Female;216.100.79.158
574;Vanya;Sowersby;vsowersbyfx@bluehost.com;Male;245.199.247.198
575;Leta;Bevir;lbevirfy@mozilla.org;Female;87.155.123.235
576;Gratia;Konzel;gkonzelfz@cam.ac.uk;Female;75.224.237.238
577;Shalom;Bruhnke;sbruhnkeg0@dedecms.com;Male;154.129.67.72
578;Jonis;Colbertson;jcolbertsong1@forbes.com;Female;55.30.160.109
579;Shanan;Molineux;smolineuxg2@engadget.com;Male;94.204.158.109
580;Ardisj;Mendel;amendelg3@goo.ne.jp;Female;9.93.40.136
581;Bing;Gyorgy;bgyorgyg4@google.ca;Male;206.25.220.92
582;Scotty;Bonwick;sbonwickg5@nytimes.com;Male;168.2.165.107
583;Gwenny;Fulker;gfulkerg6@businesswire.com;Female;160.6.135.48
584;Roseanna;Gunn;rgunng7@disqus.com;Female;246.205.183.231
585;Maxy;Machin;mmaching8@adobe.com;Male;130.17.41.167
586;Derwin;Kohring;dkohringg9@paginegialle.it;Male;200.54.60.85
587;Earlie;Rawlings;erawlingsga@indiegogo.com;Male;13.33.18.198
588;Rodie;Beadles;rbeadlesgb@zimbio.com;Female;47.144.162.199
589;Pietro;Brettor;pbrettorgc@army.mil;Male;147.11.198.159
590;Nero;Rosewarne;nrosewarnegd@wsj.com;Male;39.34.45.90
591;Aloysius;Eltun;aeltunge@discovery.com;Male;139.54.0.171
592;Rubie;Dogerty;rdogertygf@howstuffworks.com;Female;22.191.255.182
593;Sigfrid;Wray;swraygg@webs.com;Male;125.152.177.14
594;Tedmund;Huttley;thuttleygh@i2i.jp;Male;123.210.51.168
595;Jacqui;Poyle;jpoylegi@google.es;Female;149.109.97.116
596;Rubetta;Records;rrecordsgj@wordpress.com;Female;50.130.148.186
597;Dorie;Bartosinski;dbartosinskigk@plala.or.jp;Male;100.215.123.149
598;Arly;Mawtus;amawtusgl@over-blog.com;Female;88.61.118.144
599;Alaric;Bitcheno;abitchenogm@posterous.com;Male;165.195.39.63
600;Gualterio;Edginton;gedgintongn@bloglines.com;Male;171.156.23.1
601;Myles;Fakeley;mfakeleygo@jimdo.com;Male;248.246.246.131
602;Milo;Ortsmann;mortsmanngp@blog.com;Male;122.149.41.199
603;Aldus;Pascall;apascallgq@businessinsider.com;Male;158.42.2.34
604;Reeva;Inold;rinoldgr@seesaa.net;Female;8.138.175.130
605;Pammi;Grigori;pgrigorigs@jalbum.net;Female;215.43.242.105
606;Cristian;Narup;cnarupgt@qq.com;Male;53.3.72.62
607;Seamus;Darlow;sdarlowgu@woothemes.com;Male;63.95.95.161
608;Lorettalorna;Doran;ldorangv@plala.or.jp;Female;198.189.88.144
609;Nessi;Winsome;nwinsomegw@plala.or.jp;Female;70.211.144.131
610;Derry;Izzard;dizzardgx@mozilla.org;Male;86.79.253.238
611;Sherilyn;Chadbourne;schadbournegy@google.nl;Female;237.196.95.206
612;Joy;MacEllen;jmacellengz@moonfruit.com;Female;91.45.77.33
613;Roscoe;Doige;rdoigeh0@dot.gov;Male;67.58.79.174
614;Birdie;Breslin;bbreslinh1@posterous.com;Female;51.159.27.123
615;Gwynne;Bendik;gbendikh2@census.gov;Female;171.235.201.246
616;Filberto;Taveriner;ftaverinerh3@twitpic.com;Male;209.171.65.239
617;Tirrell;Weber;tweberh4@google.de;Male;26.235.101.253
618;Walliw;Van Hault;wvanhaulth5@nba.com;Female;148.79.36.236
619;Thayne;Allabush;tallabushh6@archive.org;Male;95.13.175.226
620;Marcia;Harvison;mharvisonh7@de.vu;Female;55.102.154.33
621;Maximo;Bradden;mbraddenh8@go.com;Male;142.99.167.186
622;Basilius;Kingswell;bkingswellh9@liveinternet.ru;Male;60.145.231.176
623;Rob;Yoxall;ryoxallha@google.co.jp;Male;153.99.200.254
624;Diannne;Pere;dperehb@newyorker.com;Female;222.9.147.255
625;Giffie;Shank;gshankhc@ft.com;Male;187.17.198.122
626;Alfred;Oxtoby;aoxtobyhd@vk.com;Male;20.52.182.92
627;Megan;Chasney;mchasneyhe@xinhuanet.com;Female;254.178.182.170
628;Brit;Tattersdill;btattersdillhf@cisco.com;Male;213.59.138.252
629;Sheila;Torres;storreshg@sciencedirect.com;Female;93.125.158.19
630;Selie;Fessby;sfessbyhh@mapquest.com;Female;229.81.62.199
631;Pate;Napoli;pnapolihi@soundcloud.com;Male;154.37.143.138
632;Patrice;Humber;phumberhj@csmonitor.com;Female;61.80.9.110
633;Kip;Kierans;kkieranshk@cpanel.net;Male;213.168.44.130
634;Winifred;Woffinden;wwoffindenhl@abc.net.au;Female;19.40.36.57
635;Roana;Gutowski;rgutowskihm@mlb.com;Female;148.191.85.181
636;Carlota;Szach;cszachhn@istockphoto.com;Female;73.19.226.65
637;Joeann;Devonport;jdevonportho@domainmarket.com;Female;254.125.22.31
638;Tobiah;Benitti;tbenittihp@marriott.com;Male;183.108.21.225
639;Ferrell;Hallor;fhallorhq@drupal.org;Male;2.204.96.231
640;Liliane;Whartonby;lwhartonbyhr@psu.edu;Female;164.208.254.210
641;Tomaso;O'Kielt;tokielths@reddit.com;Male;107.134.118.205
642;Michell;Haine;mhaineht@amazonaws.com;Female;122.13.184.110
643;Robbin;Collibear;rcollibearhu@icq.com;Female;81.221.197.34
644;Christian;Plait;cplaithv@nationalgeographic.com;Female;82.100.93.119
645;Vlad;Becconsall;vbecconsallhw@soup.io;Male;43.137.206.105
646;Tracy;Dorwood;tdorwoodhx@wix.com;Male;253.130.141.130
647;Kaleena;Van der Veldt;kvanderveldthy@purevolume.com;Female;70.138.87.73
648;Brande;Trevor;btrevorhz@simplemachines.org;Female;144.50.33.226
649;Ferdinande;Allberry;fallberryi0@yahoo.com;Female;176.72.46.8
650;Leela;Minchin;lminchini1@1688.com;Female;102.1.118.202
651;Noellyn;Furneaux;nfurneauxi2@youtube.com;Female;211.110.158.9
652;Doroteya;Blondel;dblondeli3@mail.ru;Female;26.247.241.227
653;Casar;Reisen;creiseni4@hhs.gov;Male;234.224.53.85
654;Josee;Lornsen;jlornseni5@census.gov;Female;71.161.99.38
655;Diana;Mundall;dmundalli6@columbia.edu;Female;237.89.192.141
656;Rosy;Cavozzi;rcavozzii7@mapquest.com;Female;115.211.197.19
657;Ami;McCourtie;amccourtiei8@washingtonpost.com;Female;237.15.13.126
658;Rhys;Downie;rdowniei9@cocolog-nifty.com;Male;97.57.32.76
659;Suzie;Ruppeli;sruppeliia@apache.org;Female;38.222.192.189
660;Manny;Hostan;mhostanib@goodreads.com;Male;156.211.154.212
661;Andonis;Dorwood;adorwoodic@usgs.gov;Male;104.177.173.254
662;Ham;Swinley;hswinleyid@jimdo.com;Male;14.149.59.223
663;Obed;Dixcey;odixceyie@si.edu;Male;229.53.85.49
664;Demetri;Instock;dinstockif@example.com;Male;76.211.251.55
665;Cobby;Lembrick;clembrickig@ox.ac.uk;Male;83.225.97.129
666;Alyse;Dallaghan;adallaghanih@diigo.com;Female;48.23.65.56
667;Horatius;Ludlom;hludlomii@ucoz.ru;Male;3.51.174.119
668;Ivett;Cuckson;icucksonij@edublogs.org;Female;175.220.94.216
669;Antonietta;Belliss;abellissik@pbs.org;Female;76.16.99.24
670;Tuesday;Giberd;tgiberdil@ehow.com;Female;73.184.133.214
671;Melonie;Boles;mbolesim@craigslist.org;Female;165.130.20.61
672;Stirling;Gimber;sgimberin@diigo.com;Male;109.129.20.0
673;Rhetta;Cliff;rcliffio@apache.org;Female;142.106.93.246
674;Maurice;Wife;mwifeip@timesonline.co.uk;Male;215.154.107.73
675;Correna;Troyes;ctroyesiq@tripod.com;Female;197.140.186.233
676;Brandi;Manchett;bmanchettir@vk.com;Female;28.171.167.165
677;Maegan;Piatek;mpiatekis@t.co;Female;26.172.51.186
678;Nikolos;Adelman;nadelmanit@exblog.jp;Male;102.184.195.236
679;Bron;Dinsmore;bdinsmoreiu@google.com.au;Male;6.180.72.7
680;Angelique;Chucks;achucksiv@cam.ac.uk;Female;64.40.246.78
681;Lewie;Pickhaver;lpickhaveriw@hud.gov;Male;70.46.5.130
682;Vally;Werndly;vwerndlyix@studiopress.com;Female;123.151.53.38
683;Broderic;Mackrell;bmackrelliy@virginia.edu;Male;136.215.101.194
684;Leighton;Reymers;lreymersiz@seesaa.net;Male;75.100.204.216
685;Conn;Foddy;cfoddyj0@weebly.com;Male;49.76.83.218
686;Joyann;Gemmell;jgemmellj1@deliciousdays.com;Female;216.8.152.255
687;Rogers;Loynton;rloyntonj2@mashable.com;Male;253.92.65.50
688;Bendite;Bedding;bbeddingj3@clickbank.net;Female;140.94.110.113
689;Sergio;Kretschmer;skretschmerj4@trellian.com;Male;207.79.108.110
690;Karia;Dyneley;kdyneleyj5@bbb.org;Female;241.190.154.100
691;Gonzalo;Casebourne;gcasebournej6@yellowpages.com;Male;18.195.19.72
692;Paxon;Birwhistle;pbirwhistlej7@economist.com;Male;155.15.170.170
693;Darb;Jacquemet;djacquemetj8@ftc.gov;Male;51.84.55.160
694;Flossy;Bernat;fbernatj9@mediafire.com;Female;224.226.177.32
695;Yankee;Coare;ycoareja@pcworld.com;Male;214.107.36.127
696;Rodrique;Wilson;rwilsonjb@state.gov;Male;125.5.248.51
697;Kirsten;Jeffcoat;kjeffcoatjc@usnews.com;Female;107.255.103.189
698;Hilly;Zuanelli;hzuanellijd@eventbrite.com;Male;201.124.14.135
699;Alia;Cometson;acometsonje@topsy.com;Female;157.82.121.30
700;Othelia;Hoy;ohoyjf@chron.com;Female;37.194.158.250
701;Nonah;Mickleburgh;nmickleburghjg@salon.com;Female;86.187.72.152
702;Augy;Frankham;afrankhamjh@cnet.com;Male;99.24.124.126
703;Cesare;McKerron;cmckerronji@bloglovin.com;Male;168.25.240.174
704;Alexine;Tawton;atawtonjj@mapquest.com;Female;187.56.95.156
705;Brooks;MacAindreis;bmacaindreisjk@webnode.com;Female;236.11.164.166
706;Carlye;Pescud;cpescudjl@umich.edu;Female;44.113.159.38
707;Sherwynd;Harding;shardingjm@over-blog.com;Male;176.132.160.95
708;Desmond;Trivett;dtrivettjn@issuu.com;Male;181.60.205.112
709;Ryon;Zanetti;rzanettijo@census.gov;Male;204.243.138.170
710;Elmo;Spellecy;espellecyjp@wikia.com;Male;212.36.222.92
711;Rodd;Sikora;rsikorajq@va.gov;Male;28.163.107.230
712;Darbie;Gimeno;dgimenojr@4shared.com;Female;66.87.237.101
713;Dewie;Allanson;dallansonjs@bigcartel.com;Male;45.197.195.170
714;Freddie;Coyle;fcoylejt@nationalgeographic.com;Male;176.81.134.21
715;Mohandas;Lotze;mlotzeju@github.io;Male;204.143.209.140
716;Phil;Dyte;pdytejv@si.edu;Male;84.235.32.133
717;Dexter;Drew;ddrewjw@rambler.ru;Male;24.139.240.105
718;Christiana;Thwaites;cthwaitesjx@godaddy.com;Female;141.162.239.240
719;Tamra;Franc;tfrancjy@paginegialle.it;Female;45.117.252.112
720;Merrill;Crossman;mcrossmanjz@usnews.com;Male;221.22.127.82
721;Pietra;Gippes;pgippesk0@tinyurl.com;Female;133.74.85.207
722;Kenn;Nuton;knutonk1@independent.co.uk;Male;45.175.117.239
723;Marian;Klaus;mklausk2@nps.gov;Female;66.152.30.0
724;Chic;Stocky;cstockyk3@chron.com;Male;143.20.203.125
725;Dunn;Juniper;djuniperk4@barnesandnoble.com;Male;142.139.224.31
726;Kelley;Palffy;kpalffyk5@umn.edu;Male;43.144.126.154
727;Ola;Lishman;olishmank6@acquirethisname.com;Female;206.82.203.107
728;Birgitta;Tumpane;btumpanek7@parallels.com;Female;208.151.198.129
729;Jean;Eyers;jeyersk8@wordpress.com;Female;92.181.213.111
730;Obidiah;Keggins;okegginsk9@de.vu;Male;209.33.224.89
731;Tersina;Byrne;tbyrneka@mlb.com;Female;66.150.105.83
732;Easter;Lindenfeld;elindenfeldkb@google.ru;Female;84.81.2.194
733;Shelton;Toyer;stoyerkc@dailymotion.com;Male;105.62.175.40
734;Carny;Grenshields;cgrenshieldskd@google.co.uk;Male;68.102.33.244
735;Dottie;Goodfield;dgoodfieldke@chicagotribune.com;Female;125.82.90.173
736;Sutherlan;Ostler;sostlerkf@bloglovin.com;Male;147.17.234.252
737;Donny;Sivior;dsiviorkg@zimbio.com;Male;67.233.12.29
738;Wendall;Adamo;wadamokh@narod.ru;Male;118.99.2.129
739;Kristopher;Barkaway;kbarkawayki@msu.edu;Male;76.172.247.33
740;Fraze;Wasielewicz;fwasielewiczkj@goodreads.com;Male;109.122.233.188
741;Alister;Staziker;astazikerkk@princeton.edu;Male;250.58.165.189
742;Jerry;Abramovitch;jabramovitchkl@army.mil;Male;241.176.95.198
743;Inger;Jacquemy;ijacquemykm@mozilla.org;Male;26.175.93.199
744;Skip;Prodrick;sprodrickkn@springer.com;Male;47.104.199.164
745;Arlin;Thake;athakeko@fc2.com;Male;82.243.232.169
746;Carina;Reddie;creddiekp@ftc.gov;Female;193.64.157.11
747;Sydelle;Gelderd;sgelderdkq@icio.us;Female;98.0.75.154
748;Nels;Gouck;ngouckkr@gizmodo.com;Male;35.214.7.190
749;Hashim;Rendbaek;hrendbaekks@hexun.com;Male;173.20.11.95
750;Shermie;Callcott;scallcottkt@wufoo.com;Male;88.43.96.70
751;Antonie;Maplethorp;amaplethorpku@newsvine.com;Female;17.251.193.80
752;Lindon;Brasner;lbrasnerkv@state.gov;Male;153.118.179.69
753;Davin;Carek;dcarekkw@accuweather.com;Male;141.47.239.19
754;Genia;Gostyke;ggostykekx@cbc.ca;Female;39.98.44.153
755;Norton;Eschelle;neschelleky@dot.gov;Male;199.133.246.113
756;Ashlie;Liggens;aliggenskz@wired.com;Female;125.128.149.127
757;Bradney;Fausset;bfaussetl0@examiner.com;Male;232.160.88.20
758;Devi;McConway;dmcconwayl1@networkadvertising.org;Female;8.225.71.77
759;Avis;Tym;atyml2@1und1.de;Female;52.172.152.33
760;Dennison;Ivantyev;divantyevl3@theatlantic.com;Male;205.24.213.54
761;Dita;Varran;dvarranl4@businessinsider.com;Female;132.202.215.129
762;Laurie;Drane;ldranel5@istockphoto.com;Male;66.98.183.19
763;Lynett;O'Hear;lohearl6@elpais.com;Female;15.38.94.66
764;Stafford;Sainteau;ssainteaul7@hugedomains.com;Male;128.237.28.150
765;Esra;Probetts;eprobettsl8@php.net;Male;191.231.65.191
766;Odelinda;Teather;oteatherl9@abc.net.au;Female;166.10.193.151
767;Hamid;Alcorn;halcornla@weather.com;Male;158.232.194.76
768;Joshua;Morston;jmorstonlb@accuweather.com;Male;67.180.156.221
769;Randee;Baston;rbastonlc@icio.us;Female;40.223.57.96
770;Kaye;Feldhuhn;kfeldhuhnld@fotki.com;Female;182.232.118.107
771;Tracie;Olsson;tolssonle@list-manage.com;Female;133.171.101.254
772;Daryle;Bavister;dbavisterlf@independent.co.uk;Male;219.21.47.134
773;Deni;Axby;daxbylg@zdnet.com;Female;218.93.208.218
774;Marie;Lippard;mlippardlh@mit.edu;Female;243.192.230.62
775;Sarajane;Chopy;schopyli@telegraph.co.uk;Female;243.247.65.247
776;Emiline;Cockell;ecockelllj@nhs.uk;Female;91.195.186.155
777;Georas;Zamboniari;gzamboniarilk@smugmug.com;Male;39.201.196.212
778;Corena;January 1st;cjanuarystll@toplist.cz;Female;122.61.144.219
779;Michelle;MacArthur;mmacarthurlm@marketwatch.com;Female;110.56.89.134
780;Rolf;Cutbush;rcutbushln@bandcamp.com;Male;100.101.193.229
781;Nerta;McCreedy;nmccreedylo@cpanel.net;Female;136.220.218.178
782;Ellwood;Antoniewski;eantoniewskilp@macromedia.com;Male;143.253.181.128
783;Abbott;Kimber;akimberlq@globo.com;Male;165.68.118.102
784;Kristoforo;Boseley;kboseleylr@cisco.com;Male;117.39.53.235
785;Gabbie;Pocke;gpockels@twitpic.com;Male;24.165.70.143
786;Angelika;Egre;aegrelt@msn.com;Female;1.252.249.105
787;Brand;Sivell;bsivelllu@t.co;Male;30.101.226.156
788;Urbain;Cutting;ucuttinglv@discovery.com;Male;186.125.180.115
789;Morris;Leeke;mleekelw@blinklist.com;Male;9.44.110.4
790;Ahmad;Havock;ahavocklx@arstechnica.com;Male;49.200.120.129
791;Sarina;Wilcott;swilcottly@unblog.fr;Female;111.6.205.17
792;Bat;Kyteley;bkyteleylz@aol.com;Male;35.64.253.4
793;Whitby;Pech;wpechm0@joomla.org;Male;163.234.218.247
794;Tybi;Kyles;tkylesm1@miibeian.gov.cn;Female;241.73.155.155
795;Jim;Stubley;jstubleym2@360.cn;Male;252.183.152.76
796;Korry;Sabben;ksabbenm3@rambler.ru;Female;166.17.121.169
797;Sara-ann;Redhills;sredhillsm4@nasa.gov;Female;172.165.170.22
798;Gothart;Burnage;gburnagem5@si.edu;Male;106.114.171.108
799;Zebulon;Stephen;zstephenm6@prnewswire.com;Male;206.163.171.70
800;Allissa;Nitto;anittom7@histats.com;Female;248.28.13.129
801;Maximilian;Sponder;msponderm8@eventbrite.com;Male;55.198.113.109
802;Stella;Topp;stoppm9@arizona.edu;Female;216.246.1.149
803;Henriette;Skullet;hskulletma@timesonline.co.uk;Female;230.170.17.9
804;Danit;Bayldon;dbayldonmb@mail.ru;Female;11.52.50.199
805;Verine;McQuarter;vmcquartermc@quantcast.com;Female;41.246.69.142
806;Donetta;Whitaker;dwhitakermd@amazon.co.uk;Female;84.161.175.246
807;Filberto;Chantler;fchantlerme@google.co.jp;Male;188.228.180.102
808;Holden;Trotman;htrotmanmf@oracle.com;Male;216.10.135.114
809;Myrtle;Cuppitt;mcuppittmg@sun.com;Female;1.183.164.14
810;Pablo;Glancey;pglanceymh@yandex.ru;Male;181.50.110.189
811;Rainer;Gremain;rgremainmi@bbc.co.uk;Male;31.93.249.173
812;Monti;Addicott;maddicottmj@blogtalkradio.com;Male;251.200.127.158
813;Kincaid;Pasquale;kpasqualemk@networksolutions.com;Male;83.211.169.2
814;Ricky;Leving;rlevingml@mapquest.com;Female;246.52.87.0
815;Thorn;Ferrone;tferronemm@google.ru;Male;99.37.175.176
816;Kalli;Hannaway;khannawaymn@qq.com;Female;110.244.41.234
817;Alexandr;Glasspoole;aglasspoolemo@yahoo.co.jp;Male;39.118.26.45
818;Ase;Bezants;abezantsmp@foxnews.com;Male;247.3.48.245
819;Duncan;Banstead;dbansteadmq@gov.uk;Male;82.177.24.135
820;Ivory;Tidbold;itidboldmr@istockphoto.com;Female;248.78.116.227
821;Gib;Bailiss;gbailissms@tinyurl.com;Male;161.230.43.206
822;Irving;Pessler;ipesslermt@ustream.tv;Male;156.252.164.31
823;Stanislaw;Camillo;scamillomu@photobucket.com;Male;228.37.234.136
824;Myrvyn;Van Hault;mvanhaultmv@about.com;Male;109.118.179.62
825;Lazar;McGonnell;lmcgonnellmw@disqus.com;Male;123.0.115.47
826;Shelby;Southeran;ssoutheranmx@howstuffworks.com;Female;48.203.121.90
827;Otes;Esh;oeshmy@de.vu;Male;132.154.233.84
828;Mame;Tunmore;mtunmoremz@goodreads.com;Female;90.184.45.68
829;Ulrikaumeko;Bearne;ubearnen0@pen.io;Female;140.80.219.33
830;Chev;Comusso;ccomusson1@usatoday.com;Male;240.166.45.242
831;Hobard;Kowalik;hkowalikn2@imdb.com;Male;45.229.248.58
832;Courtenay;Deuss;cdeussn3@nationalgeographic.com;Female;75.5.252.154
833;Lyndsay;Macvey;lmacveyn4@wix.com;Female;60.85.74.63
834;Sherill;Tuxsell;stuxselln5@comsenz.com;Female;184.121.91.123
835;Ann-marie;Iohananof;aiohananofn6@people.com.cn;Female;227.68.30.35
836;Marijo;Jiggens;mjiggensn7@furl.net;Female;53.145.177.38
837;Edee;Moulin;emoulinn8@arstechnica.com;Female;89.167.41.242
838;Milo;Fish;mfishn9@nationalgeographic.com;Male;199.62.254.220
839;Nathan;Lacknor;nlacknorna@time.com;Male;137.53.41.0
840;Beatriz;Quilligan;bquilligannb@bravesites.com;Female;244.106.0.253
841;Dill;Roostan;droostannc@deliciousdays.com;Male;148.37.22.41
842;Woodie;Abbyss;wabbyssnd@tripod.com;Male;245.67.156.175
843;Arlyne;Mutlow;amutlowne@miibeian.gov.cn;Female;13.192.246.79
844;Berti;Siseland;bsiselandnf@ocn.ne.jp;Male;238.159.139.163
845;Danny;Cherm;dchermng@europa.eu;Male;110.204.66.182
846;Sandy;Torra;storranh@admin.ch;Male;187.217.248.237
847;Dulcine;Palffy;dpalffyni@mail.ru;Female;35.54.71.222
848;Yurik;Gisbourn;ygisbournnj@hhs.gov;Male;199.163.125.227
849;Arman;Bridgstock;abridgstocknk@weather.com;Male;222.218.185.29
850;Arvy;Bielby;abielbynl@uiuc.edu;Male;139.119.17.222
851;Alard;Casine;acasinenm@gnu.org;Male;227.107.124.17
852;Haslett;Faley;hfaleynn@home.pl;Male;89.63.71.96
853;Berty;Mullally;bmullallyno@shareasale.com;Female;145.176.127.46
854;Prudence;Holdey;pholdeynp@sfgate.com;Female;145.30.67.44
855;Tonye;Varga;tvarganq@umich.edu;Female;105.53.191.0
856;Tannie;Goodbur;tgoodburnr@amazon.co.uk;Male;163.217.196.108
857;Corry;Delap;cdelapns@examiner.com;Female;111.94.87.91
858;Amandie;Scholcroft;ascholcroftnt@prnewswire.com;Female;88.240.70.237
859;Rabbi;Jacke;rjackenu@phpbb.com;Male;169.42.53.233
860;Lib;Tiddeman;ltiddemannv@pbs.org;Female;203.178.19.215
861;Ronni;Hirth;rhirthnw@si.edu;Female;36.31.48.242
862;Rudolph;Norker;rnorkernx@bravesites.com;Male;47.162.129.146
863;Kimberli;Salzburger;ksalzburgerny@mail.ru;Female;226.225.240.255
864;Maddy;Nason;mnasonnz@pbs.org;Female;207.40.195.153
865;Kerk;Girdwood;kgirdwoodo0@netscape.com;Male;252.68.115.255
866;Richmound;Buckberry;rbuckberryo1@pcworld.com;Male;167.40.185.176
867;Olvan;Prati;opratio2@kickstarter.com;Male;234.108.98.232
868;Nelle;Hiseman;nhisemano3@blogs.com;Female;83.236.241.151
869;Ximenez;Halle;xhalleo4@latimes.com;Male;206.102.55.104
870;Ephrayim;Greenier;egreeniero5@nsw.gov.au;Male;0.22.126.230
871;Pam;Marlow;pmarlowo6@noaa.gov;Female;239.211.84.112
872;Dov;Truin;dtruino7@ted.com;Male;106.227.193.240
873;Moritz;Chaplain;mchaplaino8@sohu.com;Male;61.2.26.75
874;Angeline;Schimek;aschimeko9@newyorker.com;Female;27.210.184.30
875;Burr;Silverthorne;bsilverthorneoa@163.com;Male;245.74.218.102
876;Orelee;Obeney;oobeneyob@illinois.edu;Female;112.157.29.253
877;Lemuel;Gerlts;lgerltsoc@devhub.com;Male;35.147.211.185
878;Kerwinn;Haining;khainingod@bizjournals.com;Male;222.172.78.231
879;Brewster;Lisimore;blisimoreoe@ebay.com;Male;85.85.218.94
880;Reagan;Renzo;rrenzoof@shareasale.com;Male;72.246.146.208
881;Stacee;Theobald;stheobaldog@wikia.com;Female;239.39.164.74
882;Mada;Feak;mfeakoh@cyberchimps.com;Female;209.233.56.32
883;Tulley;Kirwan;tkirwanoi@domainmarket.com;Male;163.34.143.68
884;Clementia;Hubbuck;chubbuckoj@opensource.org;Female;194.144.128.159
885;Esra;Sandercock;esandercockok@pbs.org;Male;6.80.198.25
886;Leann;Brass;lbrassol@facebook.com;Female;37.216.174.124
887;Gabi;Denniss;gdennissom@harvard.edu;Male;144.173.71.46
888;Gerrie;Brickhill;gbrickhillon@yahoo.co.jp;Male;53.101.146.247
889;Chryste;Simester;csimesteroo@freewebs.com;Female;210.146.55.3
890;Tarrah;Huntingford;thuntingfordop@opera.com;Female;218.40.102.49
891;Flory;Whitesel;fwhiteseloq@nifty.com;Female;196.156.223.30
892;Nikolaus;Grasser;ngrasseror@upenn.edu;Male;203.45.200.239
893;Hadria;Wolfer;hwolferos@google.de;Female;229.78.69.91
894;Marlon;Thwaites;mthwaitesot@bbc.co.uk;Male;76.174.85.83
895;Boone;Filippyev;bfilippyevou@admin.ch;Male;95.91.147.185
896;Lester;Goodredge;lgoodredgeov@pinterest.com;Male;185.28.42.97
897;Fredra;Clatworthy;fclatworthyow@nature.com;Female;168.240.138.165
898;Boycey;Overell;boverellox@auda.org.au;Male;69.100.124.30
899;Carlie;Claussen;cclaussenoy@ucsd.edu;Male;165.27.79.205
900;Brunhilde;Argontt;bargonttoz@tuttocitta.it;Female;205.231.94.83
901;Aarika;Tosney;atosneyp0@google.co.uk;Female;160.66.12.65
902;Tann;O'Dennehy;todennehyp1@delicious.com;Male;50.131.13.211
903;Suzie;Soda;ssodap2@posterous.com;Female;114.126.213.199
904;Fonsie;D'Angeli;fdangelip3@theglobeandmail.com;Male;230.47.40.172
905;Alexa;Gorcke;agorckep4@fda.gov;Female;144.31.60.97
906;Neely;Hebble;nhebblep5@imdb.com;Female;76.120.141.99
907;Crawford;Olechnowicz;colechnowiczp6@archive.org;Male;237.11.123.211
908;Giacinta;Singers;gsingersp7@google.fr;Female;240.157.78.138
909;Bernhard;Hadley;bhadleyp8@tripadvisor.com;Male;100.175.211.180
910;Anatol;Disbrow;adisbrowp9@ehow.com;Male;11.161.4.35
911;Neddie;Stockhill;nstockhillpa@ow.ly;Male;65.105.69.226
912;Timmy;Panner;tpannerpb@github.com;Female;250.203.172.49
913;Cyril;McCloch;cmcclochpc@free.fr;Male;244.185.93.38
914;Lodovico;Baldack;lbaldackpd@hostgator.com;Male;46.73.37.253
915;Silvie;Burrill;sburrillpe@myspace.com;Female;99.37.142.69
916;Mari;Brash;mbrashpf@multiply.com;Female;47.31.122.228
917;Archer;Casaletto;acasalettopg@delicious.com;Male;199.242.159.167
918;Erhart;Mulqueen;emulqueenph@gmpg.org;Male;174.247.250.61
919;Joanie;Vockins;jvockinspi@joomla.org;Female;247.152.173.62
920;Buddie;Cotmore;bcotmorepj@ehow.com;Male;184.111.175.72
921;Mohandis;Maynell;mmaynellpk@meetup.com;Male;57.164.247.166
922;Onfre;Ruckhard;oruckhardpl@macromedia.com;Male;213.130.40.113
923;Vonny;Abthorpe;vabthorpepm@imgur.com;Female;152.158.28.247
924;Ettore;Gerrill;egerrillpn@spiegel.de;Male;163.39.32.104
925;Alexio;Romeo;aromeopo@dedecms.com;Male;146.198.44.237
926;Ulrika;Luxen;uluxenpp@barnesandnoble.com;Female;167.64.35.75
927;Roselia;Elnor;relnorpq@wordpress.com;Female;57.143.49.200
928;Myrtie;L'Episcopi;mlepiscopipr@cafepress.com;Female;91.67.230.236
929;Malva;Farans;mfaransps@elpais.com;Female;43.162.223.237
930;Berty;McGenn;bmcgennpt@independent.co.uk;Male;138.235.195.70
931;Mellicent;Avramovic;mavramovicpu@free.fr;Female;200.101.35.93
932;Manon;Waplington;mwaplingtonpv@amazon.de;Female;161.136.109.151
933;Amery;Betjes;abetjespw@xinhuanet.com;Male;108.141.73.221
934;Sosanna;Farquar;sfarquarpx@fema.gov;Female;249.108.11.128
935;Jacenta;Devall;jdevallpy@java.com;Female;214.179.173.125
936;Saundra;Willers;swillerspz@unc.edu;Female;110.66.128.48
937;Caryl;Danskine;cdanskineq0@smh.com.au;Male;191.123.6.61
938;Chery;Slide;cslideq1@google.ru;Female;144.65.185.34
939;Ynes;Jeffcoat;yjeffcoatq2@stanford.edu;Female;17.219.81.196
940;Oates;Peepall;opeepallq3@msu.edu;Male;73.126.170.122
941;Claribel;Plum;cplumq4@t-online.de;Female;149.216.136.70
942;Xenos;Vaissiere;xvaissiereq5@hp.com;Male;187.25.33.73
943;Jo ann;MacCook;jmaccookq6@msn.com;Female;144.161.152.90
944;Veda;Trowl;vtrowlq7@domainmarket.com;Female;70.160.8.44
945;Reinold;Libbie;rlibbieq8@icq.com;Male;95.193.153.66
946;Guenna;McKimmie;gmckimmieq9@illinois.edu;Female;22.71.163.248
947;Evey;Swires;eswiresqa@timesonline.co.uk;Female;195.224.254.69
948;Windy;McKnish;wmcknishqb@virginia.edu;Female;186.154.111.172
949;Reinhold;Houtby;rhoutbyqc@oaic.gov.au;Male;67.32.76.156
950;Gearard;Dundon;gdundonqd@twitpic.com;Male;55.127.50.9
951;Horatio;Krebs;hkrebsqe@ow.ly;Male;135.246.7.93
952;Isadore;Newarte;inewarteqf@amazon.de;Male;90.2.255.220
953;Adamo;Adenot;aadenotqg@tripadvisor.com;Male;126.31.38.22
954;Cull;Shawley;cshawleyqh@topsy.com;Male;94.148.171.107
955;Timmie;Tapper;ttapperqi@e-recht24.de;Male;165.229.109.159
956;Vally;Bim;vbimqj@skyrock.com;Female;136.186.94.248
957;Christean;Hallas;challasqk@va.gov;Female;181.218.174.106
958;Daryl;Lipgens;dlipgensql@ca.gov;Female;216.167.115.247
959;Karon;Coopey;kcoopeyqm@yahoo.com;Female;164.174.213.170
960;Herve;Janovsky;hjanovskyqn@icq.com;Male;2.171.1.36
961;Courtenay;Andri;candriqo@mozilla.org;Female;237.22.231.58
962;Willy;Whitman;wwhitmanqp@usnews.com;Female;95.63.105.123
963;Deck;Chidley;dchidleyqq@yolasite.com;Male;112.1.71.200
964;Constantine;Woller;cwollerqr@bloglovin.com;Male;105.242.28.224
965;Rori;Rowlin;rrowlinqs@tripod.com;Female;127.10.213.185
966;Marty;Ungerer;mungererqt@scribd.com;Male;144.216.159.217
967;Hartley;Yakobovicz;hyakoboviczqu@nymag.com;Male;110.113.46.88
968;Orland;Colhoun;ocolhounqv@netlog.com;Male;120.113.86.244
969;Melloney;Ramelot;mramelotqw@berkeley.edu;Female;151.69.97.0
970;Selene;Pettifor;spettiforqx@businessweek.com;Female;100.83.251.13
971;Rosette;Balk;rbalkqy@pbs.org;Female;109.247.198.37
972;Vonnie;Pawfoot;vpawfootqz@blog.com;Female;223.45.146.250
973;Shurlocke;Gerkens;sgerkensr0@miibeian.gov.cn;Male;122.228.207.174
974;Teddi;Huggan;thugganr1@shutterfly.com;Female;193.124.226.153
975;Blithe;Allingham;ballinghamr2@livejournal.com;Female;78.111.35.72
976;Di;Butterworth;dbutterworthr3@tripadvisor.com;Female;125.88.183.62
977;Becki;Cape;bcaper4@pen.io;Female;172.34.247.156
978;Davin;Fagge;dfagger5@opensource.org;Male;159.94.179.167
979;Alyda;Agerskow;aagerskowr6@cdc.gov;Female;244.240.195.147
980;Elisabetta;Barbery;ebarberyr7@bloglines.com;Female;191.28.203.80
981;Livy;Guidotti;lguidottir8@who.int;Female;186.95.200.111
982;Clarinda;Alentyev;calentyevr9@shinystat.com;Female;41.184.45.223
983;Wesley;Pettiward;wpettiwardra@statcounter.com;Male;174.243.164.253
984;Linda;Lumox;llumoxrb@cdbaby.com;Female;124.106.240.184
985;Tedmund;Rosenau;trosenaurc@ftc.gov;Male;29.41.135.105
986;Jamesy;Ream;jreamrd@slate.com;Male;203.213.83.17
987;Estele;Zecchi;ezecchire@bing.com;Female;8.224.253.234
988;Roger;Cattanach;rcattanachrf@hexun.com;Male;220.210.56.7
989;Shel;Toulmin;stoulminrg@japanpost.jp;Female;85.176.108.29
990;Timothea;Tenby;ttenbyrh@un.org;Female;24.252.175.104
991;Bentlee;Deval;bdevalri@plala.or.jp;Male;86.204.160.145
992;Gasper;Connick;gconnickrj@people.com.cn;Male;145.200.8.137
993;Edd;Collymore;ecollymorerk@edublogs.org;Male;98.14.100.11
994;Miquela;Timbridge;mtimbridgerl@pinterest.com;Female;85.195.140.215
995;Moore;Yeude;myeuderm@nature.com;Male;27.239.26.104
996;Stacie;Lorimer;slorimerrn@seesaa.net;Female;244.48.193.24
997;Natalie;Atherley;natherleyro@altervista.org;Female;146.115.240.102
998;Ichabod;Hoodless;ihoodlessrp@ovh.net;Male;194.24.55.118
999;Luther;Gladden;lgladdenrq@mashable.com;Male;180.240.90.229
1000;Marlyn;Willder;mwillderrr@google.cn;Female;243.95.27.118
